CREATE DATABASE full_db;
GRANT ALL PRIVILEGES ON full_db.* TO 'webapp'@'%';
FLUSH PRIVILEGES;

-- Move into the database we just created.
-- TODO: If you changed the name of the database above, you need to change it here too.
USE full_db;

-- Persona 1: Customer Service
CREATE TABLE cust_service_table (
    csID int PRIMARY KEY,
    csName VARCHAR(50) NOT NULL,
    csTitle VARCHAR(50) NOT NULL,
    csContact VARCHAR(50) NOT NULL,
    csReportsTo int,
    CONSTRAINT fk_cs_1
    FOREIGN KEY (csReportsTo) REFERENCES cust_service_table (csID)
);

INSERT INTO cust_service_table
(csID, csName, csTitle, csContact, csReportsTo)
VALUES
(1, 'Cal Schaumaker', 'Analysist', '776-873-0035', NULL),
(2, 'Fayette Patinkin', 'Senior Editor', '252-786-3275', NULL),
(3, 'Burton Hazard', 'Primary Editor', '541-300-3807', 2),
(4, 'Ginnifer Tembridge', 'Associate Editor', '157-325-4662', 3),
(5, 'Tyson Friedlos', 'Complaint Chief', '359-442-0698', NULL),
(6, 'Alic Laurie', 'Complaint Deputy Chief', '664-953-5462', 5),
(7, 'Roma Kirkup', 'Seinor Creator Relations', '727-273-9476', NULL),
(8, 'Brigid Feasey', 'Junior Creator Relations', '348-622-2765', 7),
(9, 'Diane Murphy', 'President', '523-342-7546', 1),
(10, 'Mary Patterson', 'VP Sales', '035-234-8534', 1),
(11, 'Jeff Firrelli', 'VP Marketing', '764-420-8674', NULL),
(12, 'William Patterson', 'Sales Manager (APAC)', '245-139-6875', NULL),
(13, 'Gerard Bondur', 'Sale Manager (EMEA)', '635-529-8067', 1),
(14, 'Anthony Bow', 'Sales Manager (NA)', '234-875-8742', 13),
(15, 'Leslie Jennings', 'Junior Creator Relations', '239-745-8076', 13),
(16, 'Leslie Thompson', 'Junior Creator Relations', '674-876-3521', 10),
(17, 'Julie Firrelli', 'Seinor Creator Relations', '785-345-0324', NULL),
(18, 'Steve Patterson', 'Sales Rep', '463-865-2342', 14),
(19, 'Foon Yue Tseng', 'Analysist', '232-675-8542', 2),
(20, 'George Vanauf', 'Junior Creator Relations', '423-865-4525', 3),
(21, 'Loui Bondur', 'Seinor Creator Relations', '774-345-8675', NULL),
(22, 'Gerard Hernandez', 'Analysist', '432-809-8685', NULL),
(23, 'Pamela Castillo', 'Sales Rep', '241-078-6546', 20),
(24, 'Larry Bott', 'Analysist', '241-754-8796', 21),
(25, 'Barry Jones', 'Analysist', '234-867-7463', 20),
(26, 'Andy Fixter', 'Sales Rep', '523-745-5239', NULL),
(27, 'Peter Marsh', 'Seinor Creator Relations', '238-806-5235', 1),
(28, 'Tom King', 'Analysist', '621-856-8672', 15),
(29, 'Mami Nishi', 'Junior Creator Relations', '742-956-5623', 7),
(30, 'Yoshimi Kato', 'Junior Creator Relations', '452-780-1000', 4);

-- Persona 2: Customer
CREATE TABLE cust_table (
    custID int PRIMARY KEY,
    custName VARCHAR(50) NOT NULL,
    custAddress VARCHAR(50) NOT NULL,
    custContact VARCHAR(50) NOT NULL,
    custDateOfBirth DATE NOT NULL
);

INSERT INTO cust_table
(custID, custName, custAddress, custContact, custDateOfBirth)
VALUES
(9721, 'Francesco Mapledoore', '1364 Sachtjen Way', '166-425-2335', '1942-12-13'),
(6318, 'Rickard Watmore', '1877 Brentwood Point', '562-662-2891', '1996-08-31'),
(721, 'Delano Bogie', '7005 5th Street', '129-342-0750', '1985-06-24'),
(1956, 'Jim Vanlint', '8140 Ludington Park', '409-132-5443', '1942-01-08'),
(570, 'Fran Hardy', '2 Melvin Trail', '345-469-1704', '1945-03-03'),
(1, 'Lalo Jiranek', '5275 Reindahl Junction', '687-622-5436', '1972-08-08'),
(834, 'Rhona Suthren', '5 Dottie Pass', '898-213-2561', '1995-01-24'),
(8, 'Bren Mifflin', '18 Caliangt Terrace', '597-516-2706', '1951-03-26'),
(103, 'Elvin Hampshaw', '54, rue Royale', '40.32.2555', '1977-04-17'),
(112, 'Shanie Bewley', '8489 Strong St.', '7025551838', '1940-12-31'),
(114, 'Kale Hinken', '636 St Kilda Road', '03 9520 4555', '2000-04-27'),
(119, 'Cassi Katz', '67, rue des Cinquante Otages', '40.67.8555', '2004-05-30'),
(121, 'Lorant Lamping', 'Erling Skakkes gate 78', '07-98 9555', '1992-05-06'),
(124, 'Delora Wadeson', '5677 Strong St.', '4155551450', '2002-01-20'),
(125, 'Kristo Poynor', 'ul. Filtrowa 68', '(26) 642-7555', '1958-07-31'),
(128, 'Harrison Banham', 'Lyonerstr. 34', '+49 69 66 90 2555', '1987-08-12'),
(129, 'Ole Liebmann', '5557 North Pendale Street', '6505555787', '1977-03-09'),
(131, 'Willi Barczewski', '897 Long Airport Avenue', '2125557818', '1990-09-15'),
(141, 'Amble Beswetherick', 'C/ Moralzarzal, 86', '(91) 555 94 44', '2001-10-10'),
(144, 'Trix Pallin', 'Berguvsvägen  8', '0921-12 3555', '1972-09-24'),
(145, 'Janeen Skeath', 'Vinbæltet 34', '31 12 3555', '1862-11-04'),
(146, 'Klement Wabersich', '2, rue du Commerce', '78.32.5555', '1975-08-17'),
(148, 'Edwin McGannon', 'Bronz Sok.', '+65 221 7555', '1976-02-01'),
(151, 'Ring Farley', '4092 Furth Circle', '2125557413', '1980-10-06'),
(157, 'Nanette Breckwell', '7586 Pompton St.', '2155551555', '1986-08-31'),
(161, 'Catlee Rutledge', '9408 Furth Circle', '6505556809', '1924-09-25'),
(166, 'Felizio Hiland', '106 Linden Road Sandown', '+65 224 1555', '1924-07-24'),
(167, 'Gertruda Artharg', 'Brehmen St. 121', '+47 2267 3215', '2001-08-19'),
(168, 'Adelina Ashbee', '149 Spinnaker Dr.', '2035557845', '1958-11-20'),
(169, 'Paton Dincke', 'Estrada da saúde n. 58', '(1) 356-5555', '2002-05-22');

-- Persona 3: Administrator
CREATE TABLE admin_table (
    adminID int PRIMARY KEY,
    adminName VARCHAR(50) NOT NULL,
    adminContact VARCHAR(50) NOT NULL,
    adminReportsTo int,
    CONSTRAINT fk_admin_1
    FOREIGN KEY (adminReportsTo) REFERENCES admin_table (adminID)
);

INSERT INTO admin_table
(adminID, adminName, adminContact, adminReportsTo)
VALUES
(1, 'Ayn Barnbrook', '454-591-4198', NULL),
(2, 'Danielle Bambrugh', '574-842-5154', 1),
(3, 'Pincas Hubbis', '499-938-0001', 2),
(4, 'Mariam Rillett', '258-256-4023', 2),
(5, 'Grata Berrisford', '665-758-8025', NULL),
(6, 'Melony Downage', '442-162-5309', 5),
(7, 'Mella Craydon', '164-900-1250', 6),
(8, 'Drake Bassilashvili', '301-626-4599', 6),
(9, 'Corrianne Walling', '918-204-9885', NULL),
(10, 'Deloria Aleevy', '119-431-1093', NULL),
(11, 'Estevan Strangman', '300-337-5800', 1),
(12, 'Mile Stollen', '642-799-7770', 10),
(13, 'Tomas April', '954-301-3590', 5),
(14, 'Lee Quantrill', '848-525-6630', NULL),
(15, 'Spence Antham', '944-125-6475', 1),
(16, 'Sayre Peyntue', '234-223-8588', 5),
(17, 'Byron Sedgeworth', '983-805-3140', 10),
(18, 'Joey Livesley', '254-809-7505', 9),
(19, 'Killian Dionisii', '455-287-2209', NULL),
(20, 'Bridie Doram', '979-205-5167', NULL),
(21, 'Dania Grinley', '617-519-3755', 20),
(22, 'Jaimie Skeggs', '586-196-5032', 1),
(23, 'Josefa Bernot', '915-678-8484', 1),
(24, 'Der Helstrom', '498-593-4764', 19),
(25, 'Eran Fairholme', '544-143-9723', 24),
(26, 'Curcio Botwright', '344-584-8218', 13),
(27, 'Doris Manna', '450-971-3167', NULL),
(28, 'Allina Swedeland', '901-222-5479', NULL),
(29, 'Monique Sainte Paul', '322-405-1482', 27),
(30, 'Daryn Catton', '131-880-1048', NULL);

-- Ramen Company
CREATE TABLE ramen_company_table (
    companyID int PRIMARY KEY,
    companyName VARCHAR(50) NOT NULL,
    country VARCHAR(50) NOT NULL,
    companyContact VARCHAR(50) NOT NULL,
    adminInCharge int,
    CONSTRAINT fk_company_1
    FOREIGN KEY (adminInCharge) REFERENCES admin_table (adminID)
);

INSERT INTO ramen_company_table
(companyID, companyName, country, companyContact, adminInCharge)
VALUES
(1, 'New Touch', 'Japan', '+351-793-845-8314', 5),
(2, 'Just Way', 'Taiwan', '+86-341-540-3283', 6),
(3, 'Nissin', 'USA', '+1-954-411-2464', 2),
(4, 'Wei Lih', 'Taiwan', '+86-773-436-5427', 4),
(5, "Ching's Secret", 'India', '+506-600-797-3943', 3),
(6, 'Samyang Foods', 'South Korea', '+82-482-167-7744', 1),
(7, 'Acecook', 'Japan', '+351-177-420-7584', 7),
(8, 'Ikeda Shoku', 'Japan', '+351-543-667-2607', 8),
(9, "Ripe'n'Dry", 'Japan', '+351-123-234-2341', 6),
(10, 'KOKA', 'Singapore', '+21-323-423-2232', 5),
(11, 'Tao Kae Noi', 'Thailand', '+44-756-355-3234', 2),
(12, 'Yamachan', 'USA', '+1-365-333-6678', 4),
(13, 'Nongshim', 'South Korea', '+82-952-412-0314', 3),
(14, 'TRDP', 'India', '+506-432-578-5434', 1),
(15, 'Binh Tay', 'Vietnam', '+411-788-425-6543', 7),
(16, 'Paldo', 'South Korea', '+82-314-412-0915', 8),
(17, 'Jackpot Teriyaki', 'USA', '+1-321-543-7654', 6),
(18, "Ching's Secret", 'India', '+506-462-574-7542', 5),
(19, 'Yum-Mie', 'Ghana', '+41-234-753-7215', 2),
(20, 'MyKuali', 'Malaysia', '+99-582-592-9492', 4),
(21, 'Ottogi', 'South Korea', '+82-901-541-2038', 3),
(22, 'Sichuan Guangyou', 'China', '+24-953-444-4952', 1),
(23, 'Lipton', 'USA', '+1-499-912-9423', 7),
(24, 'Lele', 'Ghana', '+41-395-931-9410', 8),
(25, 'Fujiwara', 'Japan', '+351-549-893-6709', 6),
(26, 'Uni-President', 'China', '+24-922-462-2364', 5),
(27, 'Maruchan', 'Japan', '+351-132-462-5757', 2),
(28, 'Prima', 'Singapore', '+21-392-956-7692', 4),
(29, 'Sokensha', 'Japan', '+351-949-960-3948', 3),
(30, 'Takamori', 'Japan', '+351-392-856-3920', 1);

-- Ramen Product
CREATE TABLE ramen_product_table (
    productID int PRIMARY KEY,
    packStyle VARCHAR(50) NOT NULL,
    productName VARCHAR(100) NOT NULL,
    price DECIMAL(5,2) NOT NULL,
    avgRating DECIMAL(5,2),
    company int NOT NULL,
    uploadedBy int NOT NULL,
    CONSTRAINT fk_product_1
    FOREIGN KEY (company) REFERENCES ramen_company_table (companyID),
    CONSTRAINT fk_company_2
    FOREIGN KEY (uploadedBy) REFERENCES admin_table (adminID)
);

INSERT INTO ramen_product_table
(productID, packStyle, productName, price, avgRating, company, uploadedBy)
VALUES
(2580, 'Cup', "T's Restaurant Tantanmen", 5.20, 3.75, 1, 5),
(2579, 'Pack', 'Noodles Spicy Hot Sesame Spicy Hot Sesame Guan-miao Noodles', 3.60, 1, 2, 6),
(2578, 'Cup', 'Cup Noodles Chicken Vegetable', 2.95, 2.25, 3, 2),
(2577, 'Pack', 'GGE Ramen Snack Tomato Flavor', 4.85, 2.75, 4, 4),
(2576, 'Pack', 'Singapore Curry', 3.60, 3.75, 5, 3),
(2575, 'Pack', 'Kimchi Song Song Ramen', 2.10, 4.75, 6, 1),
(2574, 'Cup', 'Spice Deli Tantan Men With Cilantro', 1.70, 4, 7, 7),
(2573, 'Tray', 'Nabeyaki Kitsune Udon', 2.60, 3.75, 8, 8),
(2572, 'Pack', 'Hokkaido Soy Sauce Ramen', 4.20, 0.25, 9, 6),
(2571, 'Pack', 'The Original Spicy Stir-Fried Noodles', 1.55, 2.5, 10, 5),
(2570, 'Pack', 'Creamy tom Yum Kung Flavour', 1.99, 5, 11, 2),
(2569, 'Pack', 'Yokohama Tonkotsu Shoyu', 2.00, 5, 12, 4),
(2568, 'Pack', 'Mr. Bibim Stir-Fried Kimchi Flavor', 1.25, 4.25, 13, 3),
(2567, 'Bowl', 'Deka Buto Kimchi Pork Flavor', 2.30, 4.5, 3, 1),
(2566, 'Pack', 'Demae Ramen Bar Noodle Aka Tonkotsu Flavour Instant Noodle', 2.10, 5, 3, 7),
(2565, 'Cup', 'Mushroom Flavour Instant Noodles', 1.00, 3.5, 10, 8),
(2564, 'Pack', 'Mario Masala Noodles', 2.00, 3.75, 14, 6),
(2563, 'Pack', 'Tokyo Shoyu Ramen', 2.50, 5, 12, 5),
(2562, 'Pack', 'Mi Hai Cua', 1.99, 4, 15, 2),
(2561, 'Pack', 'Premium Gomtang', 2.00, 4, 16, 4),
(2560, 'Cup', 'Cup Noodles Laksa Flavour', 2.15, 4.25, 3, 3),
(2559, 'Pack', 'Beef Ramen', 2.50, 5, 17, 1),
(2558, 'Cup', 'Creamy Soup With Crushed Noodles Hot & Sour Fish Flavor', 2.99, 5, 10, 7),
(2557, 'Pack', 'Sapporo Miso Ramen', 2.99, 4.75, 12, 8),
(2556, 'Pack', 'Hot Garlic Instant Noodles', 1.99, 4.25, 18, 6),
(2555, 'Bowl', 'Song Song Kimchi Big Bowl', 1.55, 4.25, 6, 5),
(2554, 'Pack', 'Instant Noodles Beef In Light Soup Flavour', 1.15, 3.5, 19, 2),
(2553, 'Bowl', 'Hakata Ramen Noodle White Tonkotsu', 2.55, 4.75, 3, 4),
(2552, 'Bowl', 'Penang White Curry Rice Vermicelli Soup', 1.99, 5, 20, 3),
(2551, 'Pack', 'Signature Tom Yum Flavor Instant Noodles', 2.50, 4, 10, 1),
(2550, 'Pack', 'Paegaejang Ramen', 1.99, 5, 6, 7),
(2548, 'Pack', 'Plain Instant Noodle No Soup Included', 0.99, 5, 21, 8),
(2547, 'Bowl', 'Chongqing Spicy Hot Noodles', 1.99, 4, 22, 6),
(2544, 'Box', 'Cup-A-Soup Chicken Noodle With White Meat Instant Soup', 0.99, 1.5, 23, 5),
(2536, 'Pack', 'Instant Noodles Beef', 0.99, 3.5, 24, 2),
(2534, 'Pack', 'Hokkaido Hakodate Shoyu Ramen', 2.99, 4, 25, 4),
(2531, 'Pack', 'Pickled Cabbage Beef', 1.99, 4.25, 26, 3),
(2529, 'Bowl', 'Gotsumori Chanpon Ramen', 2.99, 4.5, 27, 1),
(2528, 'Pack', "Juzz's Mee Creamy Chicken Flavour", 3.00, 5, 28, 7),
(2525, 'Pack','Curry Udon', 3.00, 3.5, 29, 8),
(2522, 'Pack', 'Hearty Japanese Style Curry Udon', 2.99, 5, 30, 6);

-- Mukbang Creator
CREATE TABLE mukbang_table (
    creatorID int PRIMARY KEY,
    creatorName VARCHAR(50) NOT NULL,
    creatorContact VARCHAR(50) NOT NULL,
    employeeInCharge int,
    CONSTRAINT fk_mukbang_1
    FOREIGN KEY (employeeInCharge) REFERENCES cust_service_table (csID)
);

INSERT INTO mukbang_table
(creatorID, creatorName, creatorContact, employeeInCharge)
VALUES
(1, 'Ssoyoung', '822-596-4432', 7),
(2, 'Payton B', '200-285-4126', 7),
(3, 'Sini', '263-191-1821', 10),
(4, 'Sangyoon', '914-468-8147', 24),
(5, 'Nadina Ioana ASMR', '911-500-9845', 8),
(6, 'Tzuyang', '318-146-5151', 8),
(7, 'Hamzy', '808-759-2951', 30),
(8, 'Heebab', '625-188-6626', 8),
(9, 'Susan', '232-309-9417', 9),
(10, 'Uta', '351-793-7045', 10),
(11, 'Orton', '581-933-9219', 11),
(12, 'Freeland', '899-444-7564', 10),
(13, 'Nedi', '407-386-3069', 7),
(14, 'Malachi', '146-956-3050', 14),
(15, 'Tamarra', '479-769-9466', 15),
(16, 'Woodman', '757-504-9272', 20),
(17, 'Corney', '852-526-0910', 5),
(18, 'Boothe', '227-754-4664', 18),
(19, 'Read', '234-198-2679', 2),
(20, 'Giusto', '653-796-3360', 8),
(21, 'Phip', '644-148-4620', 21),
(22, 'Amara', '548-291-2612', 3),
(23, 'Lou', '643-556-6369', 3),
(24, 'Zach', '962-243-5103', 24),
(25, 'Monroe', '996-338-6933', 6),
(26, 'Camel', '488-518-1290', 26),
(27, 'Joela', '173-684-2654', 27),
(28, 'Hatti', '312-965-0781', 1),
(29, 'Rhoda', '190-947-2811', 1),
(30, 'Maible', '650-550-0107', 30);

-- LiveShow
CREATE TABLE show_table (
    showID int PRIMARY KEY,
    showTitle VARCHAR(100) NOT NULL,
    creatorID int NOT NULL,
    spotlightProduct int NOT NULL,
    CONSTRAINT fk_show_1
    FOREIGN KEY (creatorID) REFERENCES mukbang_table (creatorID),
    CONSTRAINT fk_show_2
    FOREIGN KEY (spotlightProduct) REFERENCES ramen_product_table (productID)
);

INSERT INTO show_table
(showID, showTitle, creatorID, spotlightProduct)
VALUES
(56, 'ASMR MUKBANG SPICY RAMEN CHALLENGE', 1, 2580),
(427, 'Eating 10 Packs of Ramen Noodles at the Apple Orchard🤣 Farm Mukbang!', 2, 2579),
(4, 'ASMR MUKBANG RAMEN & HOT DOG & CHEESE PIZZA & Tteokbokki EATING SOUND', 3, 2578),
(1992, 'ASMR MUKBANG | SPICY RAMEN 🍜 NOODLES KIELBASA SAUSAGE KIMCHI FRIED EGGS RAMYUN EATING', 4, 2577),
(15, 'UNLIMITED Ramen mukbang challenge!! 🥡 ㅣRamen Eating show 🍜', 5, 2576),
(134, 'Korean Supersize Spicy Instant noodles EatingshowㅣRamen MUKBANG', 6, 2575),
(3063, 'Eating 10 Spicy Noodles Challenge Eatingshow in 10 Minutes', 7, 2574),
(78, 'Spicy Ramen Party Mukbang', 8, 2573),
(136, 'Buldak Mukbang', 9, 2522),
(70, 'ASMR Jin Ramen Mukbang', 10, 2579),
(6, 'Eating 5 packs of Korean Spicy Ramen Eatingshow', 11, 2531),
(13, 'ASMR Tokyo Shoyu Ramen', 12, 2522),
(4761, 'Cheese Buldak Mukbang', 13, 2560),
(330, 'Eating Every Convenience Store Ramen', 14, 2561),
(8, 'Eating 10 packs of Ramen in 15 mins Challenge', 15, 2556),
(90, 'Spicy Ramen Party LETS GOOOOO', 16, 2571),
(490, 'New Product Review: Sapporo Miso Ramen Eatingshow', 17, 2577),
(120, 'Eating Spicy Ramen Challenge', 18, 2553),
(536, 'Jjajang Ramen EatingshowㅣRamen Mukbang', 19, 2553),
(86, 'Spicy Ramen Mukbang + Rice', 20, 2580),
(130, 'Kimchi Big Bowl Ramen Eatingshow', 21, 2560),
(135, 'Top 10 Korean Ramen Mukbang', 22, 2575),
(7241, 'Ramen Mukbang with Takoyaki', 23, 2566),
(31, 'Travel to Osaka and Trying Ramen!!', 24, 2544),
(73, 'New Product Review: Mara Ramen EatingShow Mukbang', 25, 2566),
(675, 'Top 10 Japanese Ramen Mukbang', 26, 2566),
(68, 'Ramen Mukbang with Corn Cheese', 27, 2536),
(7, 'Creamy Buldak Mukbang', 28, 2548),
(996, 'Ramen with Kimchi!! THE Classic Combination', 29, 2579),
(3, 'ASMR Curry Ramen Mukbang', 30, 2579);

-- Post
CREATE TABLE post_table (
    postID int PRIMARY KEY,
    authorID int NOT NULL,
    postTitle VARCHAR(50) NOT NULL,
    CONSTRAINT fk_post_1
    FOREIGN KEY (authorID) REFERENCES cust_service_table (csID)
);

INSERT INTO post_table
(postID, authorID, postTitle)
VALUES
(7, 2, 'Recommendation for Today'),
(20, 2, 'Top 10 Korean Ramens'),
(452, 3, 'Japanese Ramen!'),
(84, 3, "Kimchi: Ramen's Best Friend Forever"),
(9, 3, "Tzuyang's Favorite Ramens"),
(9751, 4, 'Ramens During Diet?'),
(132, 4, 'Top 5 Low Calories Ramens!'),
(6814, 4, 'Why Ramens are so POPULAR for these days'),
(31, 2, 'What Ramen to Eat on Christmas'),
(33, 2, 'What Do People Eat with Ramen?'),
(35, 3, 'Have You Tried Any Ramens from Ghana?'),
(37, 3, 'Ramen of the Year: Any Guesses?'),
(39, 3, "Udon Expert: That's Me!"),
(41, 4, 'Who Are Your Favorite Mukbang Creators?'),
(43, 4, 'Do You Want to Become a Mukbang Creator?'),
(45, 4, 'Ramen of the Week'),
(47, 2, 'Enter for the Spicy Ramen Eating Challenge!'),
(49, 2, 'Learn About New Releases From Ottogi!'),
(51, 3, 'Have you ever tried GUAVA raemn?'),
(53, 3, 'Cold Noodles to Eat in Summer!'),
(55, 3, 'How much of spice can you handle?'),
(57, 4, 'Top 10 Japanese Ramens'),
(59, 4, 'Top 10 Chinese Ramens'),
(61, 4, 'Top 5 Ramens from America!'),
(63, 4, 'Try Eating These Ramens Raw, like Crackers!'),
(65, 2, 'Top 5 Low Sodium Ramens'),
(67, 2, 'Top 10 Vegan Ramens'),
(69, 2, 'Best Udons from Japan'),
(71, 3, 'Best Ramens to Eat with Rice'),
(73, 3, 'The Greated Seafood-Themed Ramens!'),
(75, 4, 'My Special Recipe for Shin Ramyun');

-- Customer & Post N:M (100)
CREATE TABLE cust_read_post (
    custID int NOT NULL,
    postID int NOT NULL,
    PRIMARY KEY (custID, postID),
    CONSTRAINT fk_read_1
    FOREIGN KEY (custID) REFERENCES cust_table (custID),
    CONSTRAINT fk_read_2
    FOREIGN KEY (postID) REFERENCES post_table (postID)
);

INSERT INTO cust_read_post
(custID, postID)
VALUES
(9721, 7),
(9721, 20),
(6318, 20),
(6318, 452),
(721, 84),
(721, 9),
(1956, 9),
(570, 9751),
(1, 9751),
(834, 132),
(8, 132),
(8, 6814),
(1, 31),
(141, 33),
(121, 35),
(151, 37),
(151, 39),
(151, 31),
(161, 41),
(169, 43),
(168, 20),
(103, 45),
(112, 47),
(125, 49),
(125, 51),
(144, 53),
(145, 55),
(157, 55),
(144, 55),
(131, 55),
(166, 55),
(167, 55),
(146, 55),
(148, 59),
(1956, 55),
(8, 57),
(1, 57),
(151, 61),
(6318, 61),
(1, 61),
(834, 61),
(834, 63),
(161, 65),
(169, 65),
(168, 65),
(119, 65),
(119, 69),
(124, 67),
(9721, 71),
(570, 71),
(151, 71),
(161, 71),
(114, 71),
(103, 71),
(157, 71),
(166, 71),
(166, 73),
(166, 75),
(166, 9751),
(166, 9),
(166, 84),
(166, 452),
(166, 39),
(169, 7),
(119, 75),
(119, 132),
(124, 75),
(9721, 75),
(570, 75),
(121, 75),
(151, 75),
(151, 7),
(151, 20),
(161, 75),
(169, 452),
(168, 84),
(103, 9),
(112, 9),
(125, 9),
(125, 59),
(144, 9),
(145, 9),
(157, 9),
(144, 20),
(131, 20),
(166, 7),
(167, 132),
(146, 9),
(148, 31),
(1956, 31),
(8, 20),
(1, 41),
(119, 7),
(9721, 31),
(570, 31),
(1, 75),
(834, 75),
(1, 7),
(144, 45),
(144, 75);

-- Customer Review & Ramen N:M
CREATE TABLE cust_review_ramen (
    custID int NOT NULL,
    targetID int NOT NULL,
    rating int NOT NULL,
    PRIMARY KEY (custID, targetID),
    CONSTRAINT fk_review_1
    FOREIGN KEY (custID) REFERENCES cust_table (custID),
    CONSTRAINT fk_review_2
    FOREIGN KEY (targetID) REFERENCES ramen_product_table (productID)
);

INSERT INTO cust_review_ramen
(custID, targetID, rating)
VALUES
(9721, 2580, 3),
(9721, 2579, 4),
(6318, 2580, 5),
(6318, 2578, 5),
(721, 2577, 5),
(721, 2576, 2),
(1956, 2575, 3),
(570, 2575, 5),
(1, 2574, 2),
(834, 2580, 4),
(8, 2578, 5),
(8, 2573, 1),
(1956, 2572, 3),
(1956, 2550, 4),
(1, 2544, 5),
(8, 2547, 4),
(9721, 2559, 5),
(103, 2580, 3),
(112, 2570, 2),
(112, 2551, 3),
(114, 2580, 5),
(114, 2552, 5),
(114, 2553, 5),
(114, 2573, 3),
(114, 2579, 5),
(114, 2569, 4),
(114, 2548, 3),
(114, 2522, 4),
(114, 2534, 3),
(114, 2544, 2),
(114, 2547, 5),
(119, 2561, 4),
(119, 2580, 3),
(119, 2522, 5),
(121, 2544, 3),
(121, 2578, 5),
(121, 2573, 1),
(121, 2572, 3),
(124, 2544, 5),
(124, 2559, 5),
(124, 2575, 3),
(124, 2570, 2),
(124, 2551, 3),
(124, 2580, 5),
(124, 2552, 5),
(124, 2553, 5),
(124, 2573, 3),
(124, 2579, 5),
(124, 2569, 4),
(124, 2548, 3),
(124, 2522, 4),
(125, 2534, 3),
(125, 2577, 5),
(125, 2576, 2),
(125, 2575, 3),
(125, 2548, 5),
(129, 2573, 1),
(129, 2572, 3),
(129, 2550, 4),
(129, 2544, 5),
(129, 2547, 4),
(129, 2559, 5),
(129, 2580, 3),
(128, 2573, 3),
(128, 2579, 5),
(131, 2561, 4),
(131, 2580, 3),
(131, 2522, 5),
(131, 2544, 3),
(131, 2578, 5),
(131, 2573, 1),
(131, 2572, 3),
(131, 2576, 5),
(131, 2559, 5),
(141, 2580, 3),
(141, 2561, 4),
(141, 2544, 3),
(141, 2522, 5),
(144, 2561, 5),
(145, 2544, 2),
(145, 2547, 5),
(145, 2561, 4),
(145, 2580, 3),
(146, 2580, 3),
(148, 2579, 4),
(148, 2580, 5),
(148, 2578, 5),
(151, 2572, 3),
(157, 2550, 4),
(161, 2544, 5),
(161, 2547, 4),
(161, 2559, 5),
(166, 2580, 3),
(166, 2572, 3),
(167, 2544, 5),
(168, 2559, 5),
(168, 2580, 3),
(168, 2570, 2),
(169, 2552, 5),
(169, 2553, 5);

-- Customer & Show N:M
CREATE TABLE cust_watch_show (
    viewerID int NOT NULL,
    showID int NOT NULL,
    PRIMARY KEY (viewerID, showID),
    CONSTRAINT fk_watch_1
    FOREIGN KEY (viewerID) REFERENCES cust_table (custID),
    CONSTRAINT fk_watch_2
    FOREIGN KEY (showID) REFERENCES show_table (showID)
);

INSERT INTO cust_watch_show
(viewerID, showID)
VALUES
(9721, 56),
(9721, 427),
(6318, 56),
(6318, 4),
(721, 4),
(721, 1992),
(1956, 15),
(570, 15),
(1, 134),
(834, 3063),
(8, 3063),
(8, 78),
(9721, 70),
(9721, 6),
(6318, 13),
(6318, 330),
(721, 330),
(721, 8),
(1956, 120),
(570, 120),
(1, 31),
(834, 73),
(8, 7241),
(8, 31),
(103, 56),
(112, 56),
(114, 56),
(119, 56),
(121, 56),
(124, 56),
(168, 56),
(112, 427),
(145, 427),
(148, 427),
(157, 427),
(169, 427),
(9721, 136),
(119, 136),
(161, 136),
(8, 8),
(103, 8),
(112, 8),
(128, 8),
(129, 8),
(151, 8),
(161, 8),
(166, 8),
(168, 8),
(1, 8),
(131, 90),
(141, 90),
(834, 90),
(8, 90),
(112, 90),
(145, 90),
(157, 90),
(169, 490),
(9721, 490),
(119, 490),
(161, 490),
(8, 490),
(103, 490),
(112, 490),
(128, 490),
(129, 490),
(151, 490),
(9721, 120),
(6318, 120),
(128, 120),
(721, 536),
(128, 536),
(1956, 536),
(570, 536),
(1, 536),
(834, 536),
(168, 86),
(1, 120),
(131, 120),
(141, 120),
(834, 120),
(8, 120),
(112, 120),
(168, 135),
(112, 7241),
(145, 31),
(148, 31),
(9721, 73),
(6318, 73),
(8, 73),
(721, 73),
(128, 73),
(1956, 73),
(570, 7),
(1, 7),
(128, 675),
(129, 68),
(151, 68),
(9721, 996),
(6318, 3),
(128, 3);